[
    {
        "name": "pclzip/pclzip",
        "version": "2.8.2",
        "version_normalized": "2.8.2.0",
        "source": {
            "type": "git",
            "url": "https://github.com/ivanlanin/pclzip.git",
            "reference": "19dd1de9d3f5fc4d7d70175b4c344dee329f45fd"
        },
        "dist": {
            "type": "zip",
            "url": "https://api.github.com/repos/ivanlanin/pclzip/zipball/19dd1de9d3f5fc4d7d70175b4c344dee329f45fd",
            "reference": "19dd1de9d3f5fc4d7d70175b4c344dee329f45fd",
            "shasum": ""
        },
        "time": "2014-06-05T11:42:24+00:00",
        "type": "library",
        "installation-source": "dist",
        "autoload": {
            "classmap": [
                "pclzip.lib.php"
            ]
        },
        "notification-url": "https://packagist.org/downloads/",
        "license": [
            "LGPL-2.1"
        ],
        "authors": [
            {
                "name": "Vincent Blavet"
            }
        ],
        "description": "A PHP library that offers compression and extraction functions for Zip formatted archives",
        "homepage": "http://www.phpconcept.net/pclzip",
        "keywords": [
            "php",
            "zip"
        ]
    },
    {
        "name": "phpoffice/common",
        "version": "0.2.9",
        "version_normalized": "0.2.9.0",
        "source": {
            "type": "git",
            "url": "https://github.com/PHPOffice/Common.git",
            "reference": "edb5d32b1e3400a35a5c91e2539ed6f6ce925e4d"
        },
        "dist": {
            "type": "zip",
            "url": "https://api.github.com/repos/PHPOffice/Common/zipball/edb5d32b1e3400a35a5c91e2539ed6f6ce925e4d",
            "reference": "edb5d32b1e3400a35a5c91e2539ed6f6ce925e4d",
            "shasum": ""
        },
        "require": {
            "pclzip/pclzip": "^2.8",
            "php": ">=5.3.0"
        },
        "require-dev": {
            "phpdocumentor/phpdocumentor": "2.*",
            "phploc/phploc": "2.*",
            "phpmd/phpmd": "2.*",
            "phpunit/phpunit": "^4.8.36 || ^7.0",
            "sebastian/phpcpd": "2.*",
            "squizlabs/php_codesniffer": "2.*"
        },
        "time": "2018-07-13T14:12:34+00:00",
        "type": "library",
        "installation-source": "dist",
        "autoload": {
            "psr-4": {
                "PhpOffice\\Common\\": "src/Common/"
            }
        },
        "notification-url": "https://packagist.org/downloads/",
        "license": [
            "LGPL"
        ],
        "authors": [
            {
                "name": "Mark Baker"
            },
            {
                "name": "Franck Lefevre",
                "homepage": "http://rootslabs.net"
            }
        ],
        "description": "PHPOffice Common",
        "homepage": "http://phpoffice.github.io",
        "keywords": [
            "common",
            "component",
            "office",
            "php"
        ]
    },
    {
        "name": "phpoffice/phpword",
        "version": "0.15.0",
        "version_normalized": "0.15.0.0",
        "source": {
            "type": "git",
            "url": "https://github.com/PHPOffice/PHPWord.git",
            "reference": "dfa2f36cad2b632b7ab1c56473e4f5db9a7caf7f"
        },
        "dist": {
            "type": "zip",
            "url": "https://api.github.com/repos/PHPOffice/PHPWord/zipball/dfa2f36cad2b632b7ab1c56473e4f5db9a7caf7f",
            "reference": "dfa2f36cad2b632b7ab1c56473e4f5db9a7caf7f",
            "shasum": ""
        },
        "require": {
            "ext-xml": "*",
            "php": "^5.3.3 || ^7.0",
            "phpoffice/common": "^0.2.9",
            "zendframework/zend-escaper": "^2.2"
        },
        "require-dev": {
            "dompdf/dompdf": "0.8.*",
            "ext-gd": "*",
            "ext-zip": "*",
            "friendsofphp/php-cs-fixer": "^2.2",
            "mpdf/mpdf": "5.7.4 || 6.* || 7.*",
            "php-coveralls/php-coveralls": "1.1.0 || ^2.0",
            "phploc/phploc": "2.* || 3.* || 4.*",
            "phpmd/phpmd": "2.*",
            "phpunit/phpunit": "^4.8.36 || ^7.0",
            "squizlabs/php_codesniffer": "^2.9",
            "tecnickcom/tcpdf": "6.*"
        },
        "suggest": {
            "dompdf/dompdf": "Allows writing PDF",
            "ext-gd2": "Allows adding images",
            "ext-xmlwriter": "Allows writing OOXML and ODF",
            "ext-xsl": "Allows applying XSL style sheet to headers, to main document part, and to footers of an OOXML template",
            "ext-zip": "Allows writing OOXML and ODF"
        },
        "time": "2018-07-14T16:59:43+00:00",
        "type": "library",
        "extra": {
            "branch-alias": {
                "dev-develop": "0.16-dev"
            }
        },
        "installation-source": "dist",
        "autoload": {
            "psr-4": {
                "PhpOffice\\PhpWord\\": "src/PhpWord"
            }
        },
        "notification-url": "https://packagist.org/downloads/",
        "license": [
            "LGPL-3.0"
        ],
        "authors": [
            {
                "name": "Mark Baker"
            },
            {
                "name": "Gabriel Bull",
                "email": "me@gabrielbull.com",
                "homepage": "http://gabrielbull.com/"
            },
            {
                "name": "Ivan Lanin",
                "homepage": "http://ivan.lanin.org"
            },
            {
                "name": "Roman Syroeshko",
                "homepage": "http://ru.linkedin.com/pub/roman-syroeshko/34/a53/994/"
            },
            {
                "name": "Franck Lefevre",
                "homepage": "https://rootslabs.net/blog/"
            },
            {
                "name": "Antoine de Troostembergh"
            }
        ],
        "description": "PHPWord - A pure PHP library for reading and writing word processing documents (OOXML, ODF, RTF, HTML, PDF)",
        "homepage": "http://phpoffice.github.io",
        "keywords": [
            "ISO IEC 29500",
            "OOXML",
            "Office Open XML",
            "OpenDocument",
            "OpenXML",
            "PhpOffice",
            "PhpWord",
            "Rich Text Format",
            "WordprocessingML",
            "doc",
            "docx",
            "html",
            "odf",
            "odt",
            "office",
            "pdf",
            "php",
            "reader",
            "rtf",
            "template",
            "template processor",
            "word",
            "writer"
        ]
    },
    {
        "name": "visavi/cleanup",
        "version": "v1.5.0",
        "version_normalized": "1.5.0.0",
        "source": {
            "type": "git",
            "url": "https://github.com/visavi/cleanup.git",
            "reference": "4e4156d5acabd9715e77607de2dd5fc86d7bdc59"
        },
        "dist": {
            "type": "zip",
            "url": "https://api.github.com/repos/visavi/cleanup/zipball/4e4156d5acabd9715e77607de2dd5fc86d7bdc59",
            "reference": "4e4156d5acabd9715e77607de2dd5fc86d7bdc59",
            "shasum": ""
        },
        "require": {
            "php": ">=5.4.0"
        },
        "time": "2019-01-10T13:17:28+00:00",
        "bin": [
            "cleanup"
        ],
        "type": "library",
        "installation-source": "dist",
        "notification-url": "https://packagist.org/downloads/",
        "license": [
            "MIT"
        ],
        "authors": [
            {
                "name": "Alexander Grigorev",
                "email": "admin@visavi.net",
                "homepage": "http://visavi.net"
            }
        ],
        "description": "Cleaning vendor directory",
        "homepage": "http://visavi.net",
        "keywords": [
            "clean",
            "composer",
            "vendor"
        ]
    },
    {
        "name": "zendframework/zend-escaper",
        "version": "2.6.0",
        "version_normalized": "2.6.0.0",
        "source": {
            "type": "git",
            "url": "https://github.com/zendframework/zend-escaper.git",
            "reference": "31d8aafae982f9568287cb4dce987e6aff8fd074"
        },
        "dist": {
            "type": "zip",
            "url": "https://api.github.com/repos/zendframework/zend-escaper/zipball/31d8aafae982f9568287cb4dce987e6aff8fd074",
            "reference": "31d8aafae982f9568287cb4dce987e6aff8fd074",
            "shasum": ""
        },
        "require": {
            "php": "^5.6 || ^7.0"
        },
        "require-dev": {
            "phpunit/phpunit": "^5.7.27 || ^6.5.8 || ^7.1.2",
            "zendframework/zend-coding-standard": "~1.0.0"
        },
        "time": "2018-04-25T15:48:53+00:00",
        "type": "library",
        "extra": {
            "branch-alias": {
                "dev-master": "2.6.x-dev",
                "dev-develop": "2.7.x-dev"
            }
        },
        "installation-source": "dist",
        "autoload": {
            "psr-4": {
                "Zend\\Escaper\\": "src/"
            }
        },
        "notification-url": "https://packagist.org/downloads/",
        "license": [
            "BSD-3-Clause"
        ],
        "description": "Securely and safely escape HTML, HTML attributes, JavaScript, CSS, and URLs",
        "keywords": [
            "ZendFramework",
            "escaper",
            "zf"
        ]
    }
]
